commune,population_totale,tranche_population
Assérac,1822.0,Moins de 3 500 habitants
Bouaye,7997.0,Plus de 5 000 habitants
Chaumes-en-Retz,6868.0,Plus de 5 000 habitants
Couëron,21615.0,Plus de 5 000 habitants
Le Croisic,4147.0,Entre 3 500 et 5 000 habitants
Drefféac,2261.0,Moins de 3 500 habitants
Fégréac,2494.0,Moins de 3 500 habitants
Fercé,485.0,Moins de 3 500 habitants
Grandchamps-des-Fontaines,6125.0,Plus de 5 000 habitants
Guémené-Penfao,5281.0,Plus de 5 000 habitants
Joué-sur-Erdre,2516.0,Moins de 3 500 habitants
Le Loroux-Bottereau,8360.0,Plus de 5 000 habitants
Louisfert,1058.0,Moins de 3 500 habitants
Moisdon-la-Rivière,2010.0,Moins de 3 500 habitants
Nantes,314503.0,Plus de 5 000 habitants
Le Pallet,3292.0,Moins de 3 500 habitants
Paulx,2008.0,Moins de 3 500 habitants
La Regrippière,1553.0,Moins de 3 500 habitants
Saint-Julien-de-Vouvantes,999.0,Moins de 3 500 habitants
Saint-Lumine-de-Clisson,2148.0,Moins de 3 500 habitants
Sainte-Pazanne,6901.0,Plus de 5 000 habitants
Soudan,2053.0,Moins de 3 500 habitants
Avrillé,14024.0,Plus de 5 000 habitants
Beaucouzé,5256.0,Plus de 5 000 habitants
Chalonnes-sur-Loire,6706.0,Plus de 5 000 habitants
Chemillé-en-Anjou,21982.0,Plus de 5 000 habitants
Le Coudray-Macouard,950.0,Moins de 3 500 habitants
Gennes-Val-de-Loire,8889.0,Plus de 5 000 habitants
La Lande-Chasles,125.0,Moins de 3 500 habitants
Louresse-Rochemenier,880.0,Moins de 3 500 habitants
Orée d'Anjou,16678.0,Plus de 5 000 habitants
Le Puy-Notre-Dame,1213.0,Moins de 3 500 habitants
Les Rairies,1029.0,Moins de 3 500 habitants
Souzay-Champigny,784.0,Moins de 3 500 habitants
Turquant,590.0,Moins de 3 500 habitants
Les Ulmes,594.0,Moins de 3 500 habitants
Vernoil-le-Fourrier,1285.0,Moins de 3 500 habitants
Alexain,610.0,Moins de 3 500 habitants
Assé-le-Bérenger,463.0,Moins de 3 500 habitants
Astillé,884.0,Moins de 3 500 habitants
La Bazouge-de-Chemeré,526.0,Moins de 3 500 habitants
Bazougers,1119.0,Moins de 3 500 habitants
Beaulieu-sur-Oudon,528.0,Moins de 3 500 habitants
La Bigottière,500.0,Moins de 3 500 habitants
Blandouet-Saint Jean,624.0,Moins de 3 500 habitants
La Boissière,122.0,Moins de 3 500 habitants
Champéon,591.0,Moins de 3 500 habitants
Chémeré-le-Roi,413.0,Moins de 3 500 habitants
La Dorée,287.0,Moins de 3 500 habitants
Fromentières,842.0,Moins de 3 500 habitants
La Haie-Traversaine,485.0,Moins de 3 500 habitants
Le Housseau-Brétignolles,248.0,Moins de 3 500 habitants
Javron-les-Chapelles,1407.0,Moins de 3 500 habitants
Jublains,750.0,Moins de 3 500 habitants
Larchamp,1127.0,Moins de 3 500 habitants
Lassay-les-Châteaux,2315.0,Moins de 3 500 habitants
Livré-la-Touche,765.0,Moins de 3 500 habitants
Montigné-le-Brillant,1328.0,Moins de 3 500 habitants
Olivet,427.0,Moins de 3 500 habitants
Pontmain,838.0,Moins de 3 500 habitants
Rennes-en-Grenouilles,109.0,Moins de 3 500 habitants
Saint-Charles-la-Forêt,213.0,Moins de 3 500 habitants
Saint-Denis-d'Anjou,1587.0,Moins de 3 500 habitants
Saint-Fraimbault-de-Prières,1027.0,Moins de 3 500 habitants
Saint-Mars-sur-Colmont,482.0,Moins de 3 500 habitants
Saint-Pierre-sur-Erve,143.0,Moins de 3 500 habitants
Saint-Pierre-sur-Orthe,473.0,Moins de 3 500 habitants
Thubœuf,297.0,Moins de 3 500 habitants
Arthezé,401.0,Moins de 3 500 habitants
Les Aulneaux,117.0,Moins de 3 500 habitants
Bazouges Cré sur Loir,2105.0,Moins de 3 500 habitants
Beillé,531.0,Moins de 3 500 habitants
Bérus,459.0,Moins de 3 500 habitants
La Bosse,137.0,Moins de 3 500 habitants
Cérans-Foulletourte,3410.0,Moins de 3 500 habitants
Chahaignes,706.0,Moins de 3 500 habitants
La Chapelle-Saint-Rémy,991.0,Moins de 3 500 habitants
Chemiré-en-Charnie,215.0,Moins de 3 500 habitants
Clermont-Créans,1299.0,Moins de 3 500 habitants
Courgains,593.0,Moins de 3 500 habitants
Degré,796.0,Moins de 3 500 habitants
Dehault,276.0,Moins de 3 500 habitants
Dissay-sous-Courcillon,956.0,Moins de 3 500 habitants
La Ferté-Bernard,9155.0,Plus de 5 000 habitants
Lamnay,980.0,Moins de 3 500 habitants
Lavaré,867.0,Moins de 3 500 habitants
Ligron,513.0,Moins de 3 500 habitants
Lombron,1932.0,Moins de 3 500 habitants
Louplande,1486.0,Moins de 3 500 habitants
Luché-Pringé,1577.0,Moins de 3 500 habitants
Maigné,357.0,Moins de 3 500 habitants
Marollette,152.0,Moins de 3 500 habitants
Marçon,1078.0,Moins de 3 500 habitants
La Milesse,2683.0,Moins de 3 500 habitants
Mont-Saint-Jean,657.0,Moins de 3 500 habitants
Neuvillette-en-Charnie,296.0,Moins de 3 500 habitants
Notre-Dame-du-Pé,644.0,Moins de 3 500 habitants
Oizé,1340.0,Moins de 3 500 habitants
Parcé-sur-Sarthe,2151.0,Moins de 3 500 habitants
La Quinte,790.0,Moins de 3 500 habitants
Rouessé-Vassé,830.0,Moins de 3 500 habitants
Rouez,779.0,Moins de 3 500 habitants
Saint-Aignan,252.0,Moins de 3 500 habitants
Saint-Christophe-en-Champagne,215.0,Moins de 3 500 habitants
Saint-Georges-du-Rosay,438.0,Moins de 3 500 habitants
Saint-Jean-d'Assé,1774.0,Moins de 3 500 habitants
Saint-Jean-de-la-Motte,990.0,Moins de 3 500 habitants
Saint-Jean-du-Bois,634.0,Moins de 3 500 habitants
Saint-Paterne - Le Chevain,2329.0,Moins de 3 500 habitants
Saint-Rémy-de-Sillé,845.0,Moins de 3 500 habitants
Saint-Symphorien,574.0,Moins de 3 500 habitants
Vezot,77.0,Moins de 3 500 habitants
L' Aiguillon-sur-Mer,2116.0,Moins de 3 500 habitants
Apremont,1832.0,Moins de 3 500 habitants
Avrillé,1428.0,Moins de 3 500 habitants
La Barre-de-Monts,2247.0,Moins de 3 500 habitants
La Caillère-Saint-Hilaire,1134.0,Moins de 3 500 habitants
Chavagnes-en-Paillers,3638.0,Entre 3 500 et 5 000 habitants
Les Epesses,2907.0,Moins de 3 500 habitants
La Gaubretière,3127.0,Moins de 3 500 habitants
Givrand,2228.0,Moins de 3 500 habitants
Grosbreuil,2208.0,Moins de 3 500 habitants
Landevieille,1419.0,Moins de 3 500 habitants
Longeville-sur-Mer,2492.0,Moins de 3 500 habitants
Maillé,774.0,Moins de 3 500 habitants
Mallièvre,262.0,Moins de 3 500 habitants
Marillet,116.0,Moins de 3 500 habitants
La Merlatière,1023.0,Moins de 3 500 habitants
Mouzeuil-Saint-Martin,1241.0,Moins de 3 500 habitants
La Rabatelière,1004.0,Moins de 3 500 habitants
Rochetrejoux,959.0,Moins de 3 500 habitants
Saint-André-Goule-d'Oie,1847.0,Moins de 3 500 habitants
Saint-Laurent-sur-Sèvre,4056.0,Entre 3 500 et 5 000 habitants
Saint-Paul-en-Pareds,1364.0,Moins de 3 500 habitants
Saint-Vincent-Sterlanges,802.0,Moins de 3 500 habitants
Saint-Vincent-sur-Jard,1319.0,Moins de 3 500 habitants
Sainte-Foy,2258.0,Moins de 3 500 habitants
Soullans,4312.0,Entre 3 500 et 5 000 habitants
Tallud-Sainte-Gemme,474.0,Moins de 3 500 habitants
Talmont-Saint-Hilaire,7836.0,Plus de 5 000 habitants
Vairé,1694.0,Moins de 3 500 habitants
Vendrennes,1741.0,Moins de 3 500 habitants
Vix,1808.0,Moins de 3 500 habitants
Abbaretz,2115.0,Moins de 3 500 habitants
Bouguenais,19609.0,Plus de 5 000 habitants
Bouvron,3161.0,Moins de 3 500 habitants
La Chapelle-Heulin,3308.0,Moins de 3 500 habitants
Crossac,2980.0,Moins de 3 500 habitants
Geneston,3688.0,Entre 3 500 et 5 000 habitants
Gorges,4996.0,Entre 3 500 et 5 000 habitants
Indre,4013.0,Entre 3 500 et 5 000 habitants
Le Landreau,3291.0,Moins de 3 500 habitants
Machecoul-Saint-Même,7716.0,Plus de 5 000 habitants
Mauves-sur-Loire,3259.0,Moins de 3 500 habitants
Monnières,2285.0,Moins de 3 500 habitants
Puceul,1147.0,Moins de 3 500 habitants
La Remaudière,1298.0,Moins de 3 500 habitants
Saint-Léger-les-Vignes,1877.0,Moins de 3 500 habitants
Saint-Mars-de-Coutais,2653.0,Moins de 3 500 habitants
Sainte-Anne-sur-Brivet,3019.0,Moins de 3 500 habitants
Teillé,1816.0,Moins de 3 500 habitants
Le Temple-de-Bretagne,1983.0,Moins de 3 500 habitants
Beaufort-en-Anjou,7383.0,Plus de 5 000 habitants
Blaison-Saint-Sulpice,1279.0,Moins de 3 500 habitants
Les Bois d'Anjou,2709.0,Moins de 3 500 habitants
Coron,1625.0,Moins de 3 500 habitants
Denée,1418.0,Moins de 3 500 habitants
La Ménitré,2106.0,Moins de 3 500 habitants
Mozé-sur-Louet,2034.0,Moins de 3 500 habitants
La Plaine,1051.0,Moins de 3 500 habitants
Rou-Marson,673.0,Moins de 3 500 habitants
Saint-Clément-des-Levées,1126.0,Moins de 3 500 habitants
Saint-Jean-de-la-Croix,235.0,Moins de 3 500 habitants
Saint-Lambert-la-Potherie,2872.0,Moins de 3 500 habitants
Savennières,1361.0,Moins de 3 500 habitants
Tuffalun,1810.0,Moins de 3 500 habitants
Verrie,487.0,Moins de 3 500 habitants
Yzernay,1871.0,Moins de 3 500 habitants
Andouillé,2349.0,Moins de 3 500 habitants
Argentré,2908.0,Moins de 3 500 habitants
Bais,1260.0,Moins de 3 500 habitants
Bierné-les-Villages,1277.0,Moins de 3 500 habitants
Chailland,1205.0,Moins de 3 500 habitants
Contest,873.0,Moins de 3 500 habitants
Courbeveille,645.0,Moins de 3 500 habitants
Houssay,496.0,Moins de 3 500 habitants
L' Huisserie,4397.0,Entre 3 500 et 5 000 habitants
Laubrières,360.0,Moins de 3 500 habitants
Madré,299.0,Moins de 3 500 habitants
Ménil,968.0,Moins de 3 500 habitants
Neau,777.0,Moins de 3 500 habitants
Parigné-sur-Braye,865.0,Moins de 3 500 habitants
Ruillé-Froid-Fonds,581.0,Moins de 3 500 habitants
Saint-Baudelle,1162.0,Moins de 3 500 habitants
Saint-Berthevin-la-Tannière,335.0,Moins de 3 500 habitants
Saint-Calais-du-Désert,394.0,Moins de 3 500 habitants
Saint-Georges-le-Fléchard,430.0,Moins de 3 500 habitants
Saint-Pierre-des-Landes,955.0,Moins de 3 500 habitants
Saint-Pierre-la-Cour,2213.0,Moins de 3 500 habitants
Sainte-Marie-du-Bois,221.0,Moins de 3 500 habitants
Villiers-Charlemagne,1145.0,Moins de 3 500 habitants
Boëssé-le-Sec,645.0,Moins de 3 500 habitants
Champagné,3947.0,Entre 3 500 et 5 000 habitants
Chérisay,312.0,Moins de 3 500 habitants
Cogners,190.0,Moins de 3 500 habitants
Connerré,2960.0,Moins de 3 500 habitants
Coulongé,525.0,Moins de 3 500 habitants
Crannes-en-Champagne,358.0,Moins de 3 500 habitants
Doucelles,253.0,Moins de 3 500 habitants
Écommoy,4748.0,Entre 3 500 et 5 000 habitants
Écorpain,305.0,Moins de 3 500 habitants
Fillé,1518.0,Moins de 3 500 habitants
La Flèche,15956.0,Plus de 5 000 habitants
Flée,553.0,Moins de 3 500 habitants
Le Grez,407.0,Moins de 3 500 habitants
Joué-l'Abbé,1302.0,Moins de 3 500 habitants
Lavernat,606.0,Moins de 3 500 habitants
Louailles,737.0,Moins de 3 500 habitants
Louvigny,183.0,Moins de 3 500 habitants
Le Lude,4328.0,Entre 3 500 et 5 000 habitants
Malicorne-sur-Sarthe,1938.0,Moins de 3 500 habitants
Marolles-lès-Saint-Calais,280.0,Moins de 3 500 habitants
Meurcé,272.0,Moins de 3 500 habitants
Panon,44.0,Moins de 3 500 habitants
Parennes,515.0,Moins de 3 500 habitants
Peray,62.0,Moins de 3 500 habitants
Pincé,201.0,Moins de 3 500 habitants
Sablé-sur-Sarthe,12719.0,Plus de 5 000 habitants
Saint-Christophe-du-Jambet,237.0,Moins de 3 500 habitants
Saint-Cosme-en-Vairais,2021.0,Moins de 3 500 habitants
Saint-Denis-des-Coudrais,115.0,Moins de 3 500 habitants
Saint-Georges-du-Bois,2157.0,Moins de 3 500 habitants
Saint-Jean-des-Échelles,261.0,Moins de 3 500 habitants
Saint-Mars-d'Outillé,2454.0,Moins de 3 500 habitants
Saint-Ouen-en-Champagne,246.0,Moins de 3 500 habitants
Saint-Paul-le-Gaultier,296.0,Moins de 3 500 habitants
Saint-Pierre-de-Chevillé,366.0,Moins de 3 500 habitants
Saint-Pierre-du-Lorouër,386.0,Moins de 3 500 habitants
Saint-Rémy-du-Val,529.0,Moins de 3 500 habitants
Sillé-le-Philippe,1092.0,Moins de 3 500 habitants
Souligné-Flacé,694.0,Moins de 3 500 habitants
Soulitré,643.0,Moins de 3 500 habitants
La Suze-sur-Sarthe,4519.0,Entre 3 500 et 5 000 habitants
Tassé,319.0,Moins de 3 500 habitants
Tassillé,135.0,Moins de 3 500 habitants
Teloché,3136.0,Moins de 3 500 habitants
Le Tronchet,164.0,Moins de 3 500 habitants
Vibraye,2609.0,Moins de 3 500 habitants
Aizenay,9665.0,Plus de 5 000 habitants
Angles,2852.0,Moins de 3 500 habitants
Aubigny-Les Clouzeaux,6671.0,Plus de 5 000 habitants
Beaufou,1528.0,Moins de 3 500 habitants
Bessay,435.0,Moins de 3 500 habitants
Bourneau,753.0,Moins de 3 500 habitants
La Chaize-le-Vicomte,3828.0,Entre 3 500 et 5 000 habitants
Chauché,2503.0,Moins de 3 500 habitants
Cheffois,994.0,Moins de 3 500 habitants
Essarts en Bocage,9092.0,Plus de 5 000 habitants
Falleron,1613.0,Moins de 3 500 habitants
La Genétouze,1968.0,Moins de 3 500 habitants
Le Langon,1060.0,Moins de 3 500 habitants
Loge-Fougereuse,391.0,Moins de 3 500 habitants
Mesnard-la-Barotière,1465.0,Moins de 3 500 habitants
Moreilles,427.0,Moins de 3 500 habitants
Mortagne-sur-Sèvre,6097.0,Plus de 5 000 habitants
Palluau,1110.0,Moins de 3 500 habitants
Péault,633.0,Moins de 3 500 habitants
Les Pineaux,635.0,Moins de 3 500 habitants
Poiroux,1106.0,Moins de 3 500 habitants
Puy-de-Serre,325.0,Moins de 3 500 habitants
La Réorthe,1115.0,Moins de 3 500 habitants
Rocheservière,3369.0,Moins de 3 500 habitants
Rosnay,642.0,Moins de 3 500 habitants
Saint-Avaugourd-des-Landes,1088.0,Moins de 3 500 habitants
Saint-Denis-la-Chevasse,2326.0,Moins de 3 500 habitants
Saint-Étienne-du-Bois,2126.0,Moins de 3 500 habitants
Saint-Hilaire-de-Riez,11381.0,Plus de 5 000 habitants
Saint-Laurent-de-la-Salle,368.0,Moins de 3 500 habitants
Saint-Martin-des-Noyers,2410.0,Moins de 3 500 habitants
Saint-Michel-en-l'Herm,2430.0,Moins de 3 500 habitants
Saint-Michel-le-Cloucq,1321.0,Moins de 3 500 habitants
Saint-Urbain,1853.0,Moins de 3 500 habitants
Saint-Vincent-sur-Graon,1508.0,Moins de 3 500 habitants
Sainte-Hermine,2964.0,Moins de 3 500 habitants
La Taillée,590.0,Moins de 3 500 habitants
Thorigny,1250.0,Moins de 3 500 habitants
Les Velluire-sur-Vendée,1399.0,Moins de 3 500 habitants
La Chapelle-des-Marais,4270.0,Entre 3 500 et 5 000 habitants
Châteaubriant,12492.0,Plus de 5 000 habitants
Guenrouet,3405.0,Moins de 3 500 habitants
Jans,1393.0,Moins de 3 500 habitants
Lavau-sur-Loire,793.0,Moins de 3 500 habitants
La Meilleraye-de-Bretagne,1551.0,Moins de 3 500 habitants
La Montagne,6379.0,Plus de 5 000 habitants
Mouais,389.0,Moins de 3 500 habitants
Noyal-sur-Brutz,603.0,Moins de 3 500 habitants
Port-Saint-Père,2955.0,Moins de 3 500 habitants
Ruffigné,711.0,Moins de 3 500 habitants
Saffré,3957.0,Entre 3 500 et 5 000 habitants
Saint-Hilaire-de-Clisson,2329.0,Moins de 3 500 habitants
Saint-Mars-du-Désert,4979.0,Entre 3 500 et 5 000 habitants
Saint-Molf,2679.0,Moins de 3 500 habitants
Saint-Père-en-Retz,4720.0,Entre 3 500 et 5 000 habitants
Savenay,8856.0,Plus de 5 000 habitants
Beaulieu-sur-Layon,1420.0,Moins de 3 500 habitants
Bécon-les-Granits,2917.0,Moins de 3 500 habitants
Bellevigne-en-Layon,5843.0,Plus de 5 000 habitants
Cernusson,360.0,Moins de 3 500 habitants
Les Cerqueux,882.0,Moins de 3 500 habitants
Challain-la-Potherie,827.0,Moins de 3 500 habitants
Cornillé-les-Caves,486.0,Moins de 3 500 habitants
Courchamps,516.0,Moins de 3 500 habitants
Épieds,774.0,Moins de 3 500 habitants
Feneu,2231.0,Moins de 3 500 habitants
Jarzé Villages,2770.0,Moins de 3 500 habitants
Juvardeil,829.0,Moins de 3 500 habitants
Longué-Jumelles,6913.0,Plus de 5 000 habitants
Lys-Haut-Layon,8066.0,Plus de 5 000 habitants
Marcé,855.0,Moins de 3 500 habitants
Maulévrier,3253.0,Moins de 3 500 habitants
Le May-sur-Èvre,3875.0,Entre 3 500 et 5 000 habitants
Montigné-lès-Rairies,426.0,Moins de 3 500 habitants
Montreuil-sur-Loir,575.0,Moins de 3 500 habitants
Ombrée d'Anjou,9249.0,Plus de 5 000 habitants
Passavant-sur-Layon,130.0,Moins de 3 500 habitants
La Romagne,1970.0,Moins de 3 500 habitants
Saint-Paul-du-Bois,603.0,Moins de 3 500 habitants
Saumur,27701.0,Plus de 5 000 habitants
Val d'Erdre-Auxence,4952.0,Entre 3 500 et 5 000 habitants
Athée,515.0,Moins de 3 500 habitants
Bannes,123.0,Moins de 3 500 habitants
Le Bignon-du-Maine,344.0,Moins de 3 500 habitants
Boulay-les-Ifs,159.0,Moins de 3 500 habitants
La Chapelle-Anthenaise,1028.0,Moins de 3 500 habitants
Chemazé,1393.0,Moins de 3 500 habitants
Chérancé,166.0,Moins de 3 500 habitants
Commer,1227.0,Moins de 3 500 habitants
Congrier,921.0,Moins de 3 500 habitants
Cosmes,289.0,Moins de 3 500 habitants
Coudray,871.0,Moins de 3 500 habitants
Daon,507.0,Moins de 3 500 habitants
Désertines,480.0,Moins de 3 500 habitants
Entrammes,2298.0,Moins de 3 500 habitants
Ernée,5829.0,Plus de 5 000 habitants
Gastines,168.0,Moins de 3 500 habitants
Grazay,633.0,Moins de 3 500 habitants
Loupfougères,414.0,Moins de 3 500 habitants
Marcillé-la-Ville,822.0,Moins de 3 500 habitants
Méral,1113.0,Moins de 3 500 habitants
Montsûrs,3288.0,Moins de 3 500 habitants
Neuilly-le-Vendin,354.0,Moins de 3 500 habitants
Niafles,357.0,Moins de 3 500 habitants
La Pallu,199.0,Moins de 3 500 habitants
Parné-sur-Roc,1377.0,Moins de 3 500 habitants
Pommerieux,680.0,Moins de 3 500 habitants
Port-Brillet,1829.0,Moins de 3 500 habitants
Préaux,173.0,Moins de 3 500 habitants
Prée-d'Anjou,1466.0,Moins de 3 500 habitants
Le Ribay,470.0,Moins de 3 500 habitants
Saint-Aignan-de-Couptrain,384.0,Moins de 3 500 habitants
Saint-Ellier-du-Maine,518.0,Moins de 3 500 habitants
Saint-Georges-Buttavent,1482.0,Moins de 3 500 habitants
Saint-Julien-du-Terroux,244.0,Moins de 3 500 habitants
Saulges,322.0,Moins de 3 500 habitants
Arçonnay,2073.0,Moins de 3 500 habitants
Aubigné-Racan,2148.0,Moins de 3 500 habitants
Auvers-le-Hamon,1509.0,Moins de 3 500 habitants
Avessé,386.0,Moins de 3 500 habitants
Avezé,745.0,Moins de 3 500 habitants
La Bazoge,3700.0,Entre 3 500 et 5 000 habitants
Bouloire,2118.0,Moins de 3 500 habitants
Chantenay-Villedieu,883.0,Moins de 3 500 habitants
La Chapelle-Saint-Aubin,2427.0,Moins de 3 500 habitants
Conlie,1933.0,Moins de 3 500 habitants
Contilly,141.0,Moins de 3 500 habitants
Courgenard,500.0,Moins de 3 500 habitants
Courtillers,949.0,Moins de 3 500 habitants
Domfront-en-Champagne,1052.0,Moins de 3 500 habitants
Fercé-sur-Sarthe,601.0,Moins de 3 500 habitants
Fontenay-sur-Vègre,332.0,Moins de 3 500 habitants
Le Grand-Lucé,1950.0,Moins de 3 500 habitants
Juigné-sur-Sarthe,1173.0,Moins de 3 500 habitants
Le Luart,1451.0,Moins de 3 500 habitants
Maresché,896.0,Moins de 3 500 habitants
Marolles-les-Braults,2237.0,Moins de 3 500 habitants
Les Mées,102.0,Moins de 3 500 habitants
Moncé-en-Saosnois,262.0,Moins de 3 500 habitants
Montreuil-le-Henri,312.0,Moins de 3 500 habitants
Pizieux,74.0,Moins de 3 500 habitants
Précigné,3037.0,Moins de 3 500 habitants
Pruillé-le-Chétif,1396.0,Moins de 3 500 habitants
Saint-Aubin-de-Locquenay,706.0,Moins de 3 500 habitants
Saint-Célerin,920.0,Moins de 3 500 habitants
Saint-Denis-d'Orques,810.0,Moins de 3 500 habitants
Saint-Georges-de-la-Couée,162.0,Moins de 3 500 habitants
Saint-Germain-d'Arcé,340.0,Moins de 3 500 habitants
Saint-Gervais-en-Belin,2120.0,Moins de 3 500 habitants
Saint-Mars-de-Locquenay,580.0,Moins de 3 500 habitants
Saint-Pierre-des-Ormes,232.0,Moins de 3 500 habitants
Saint-Ulphace,229.0,Moins de 3 500 habitants
Saint-Vincent-du-Lorouër,872.0,Moins de 3 500 habitants
Sarcé,303.0,Moins de 3 500 habitants
Sargé-lès-le-Mans,3749.0,Entre 3 500 et 5 000 habitants
Teillé,482.0,Moins de 3 500 habitants
Terrehault,135.0,Moins de 3 500 habitants
Vaas,1530.0,Moins de 3 500 habitants
Voivres-lès-le-Mans,1388.0,Moins de 3 500 habitants
Bazoges-en-Paillers,1436.0,Moins de 3 500 habitants
Bournezeau,3472.0,Moins de 3 500 habitants
Bretignolles-sur-Mer,4750.0,Entre 3 500 et 5 000 habitants
Chavagnes-les-Redoux,846.0,Moins de 3 500 habitants
Curzon,521.0,Moins de 3 500 habitants
Doix lès Fontaines,1747.0,Moins de 3 500 habitants
Grand'Landes,679.0,Moins de 3 500 habitants
Landeronde,2326.0,Moins de 3 500 habitants
Maché,1565.0,Moins de 3 500 habitants
Les Magnils-Reigniers,1618.0,Moins de 3 500 habitants
Martinet,1148.0,Moins de 3 500 habitants
Le Mazeau,466.0,Moins de 3 500 habitants
Montournais,1717.0,Moins de 3 500 habitants
Mouilleron-Saint-Germain,1935.0,Moins de 3 500 habitants
Notre-Dame-de-Monts,2150.0,Moins de 3 500 habitants
Petosse,723.0,Moins de 3 500 habitants
Le Poiré-sur-Vie,8726.0,Plus de 5 000 habitants
Puyravault,669.0,Moins de 3 500 habitants
Réaumur,872.0,Moins de 3 500 habitants
Rives-d'Autise,2168.0,Moins de 3 500 habitants
Saint-Christophe-du-Ligneron,2596.0,Moins de 3 500 habitants
Saint-Germain-de-Prinçay,1561.0,Moins de 3 500 habitants
Saint-Juire-Champgillon,421.0,Moins de 3 500 habitants
Saint-Mars-la-Réorthe,991.0,Moins de 3 500 habitants
Saint-Paul-Mont-Penit,822.0,Moins de 3 500 habitants
Saint-Révérend,1447.0,Moins de 3 500 habitants
Saint-Sulpice-en-Pareds,442.0,Moins de 3 500 habitants
Saint-Valérien,539.0,Moins de 3 500 habitants
Sainte-Flaive-des-Loups,2419.0,Moins de 3 500 habitants
Sainte-Radégonde-des-Noyers,934.0,Moins de 3 500 habitants
Sigournais,911.0,Moins de 3 500 habitants
La Bernerie-en-Retz,3016.0,Moins de 3 500 habitants
La Boissière-du-Doré,1064.0,Moins de 3 500 habitants
Carquefou,20238.0,Plus de 5 000 habitants
La Chevallerais,1569.0,Moins de 3 500 habitants
Corsept,2721.0,Moins de 3 500 habitants
Donges,8053.0,Plus de 5 000 habitants
Gétigné,3734.0,Entre 3 500 et 5 000 habitants
Lusanger,1067.0,Moins de 3 500 habitants
La Marne,1520.0,Moins de 3 500 habitants
Les Moutiers-en-Retz,1664.0,Moins de 3 500 habitants
Mouzeil,1914.0,Moins de 3 500 habitants
Nozay,4195.0,Entre 3 500 et 5 000 habitants
La Plaine-sur-Mer,4351.0,Entre 3 500 et 5 000 habitants
Pornichet,10962.0,Plus de 5 000 habitants
Pouillé-les-Côteaux,1076.0,Moins de 3 500 habitants
Prinquiau,3524.0,Entre 3 500 et 5 000 habitants
Saint-Brevin-les-Pins,14104.0,Plus de 5 000 habitants
Saint-Gildas-des-Bois,3843.0,Entre 3 500 et 5 000 habitants
Saint-Joachim,4097.0,Entre 3 500 et 5 000 habitants
Saint-Nazaire,71772.0,Plus de 5 000 habitants
Saint-Philbert-de-Grand-Lieu,9113.0,Plus de 5 000 habitants
Saint-Sébastien-sur-Loire,27508.0,Plus de 5 000 habitants
Soulvache,354.0,Moins de 3 500 habitants
Thouaré-sur-Loire,10212.0,Plus de 5 000 habitants
Trans-sur-Erdre,1083.0,Moins de 3 500 habitants
Treffieux,894.0,Moins de 3 500 habitants
Bourg-l'Évêque,255.0,Moins de 3 500 habitants
Brain-sur-Allonnes,2035.0,Moins de 3 500 habitants
Brissac Loire Aubance,11085.0,Plus de 5 000 habitants
Écuillé,646.0,Moins de 3 500 habitants
Les Garennes sur Loire,4629.0,Entre 3 500 et 5 000 habitants
Ingrandes-Le Fresne sur Loire,2680.0,Moins de 3 500 habitants
Le Lion-d'Angers,4996.0,Entre 3 500 et 5 000 habitants
Loiré,892.0,Moins de 3 500 habitants
Mazières-en-Mauges,1204.0,Moins de 3 500 habitants
Montilliers,1253.0,Moins de 3 500 habitants
Montreuil-Juigné,7664.0,Plus de 5 000 habitants
Montreuil-sur-Maine,770.0,Moins de 3 500 habitants
Morannes sur Sarthe-Daumeray,3719.0,Entre 3 500 et 5 000 habitants
Mouliherne,872.0,Moins de 3 500 habitants
Neuillé,1006.0,Moins de 3 500 habitants
Saint-Barthélemy-d'Anjou,9433.0,Plus de 5 000 habitants
Saint-Christophe-du-Bois,2812.0,Moins de 3 500 habitants
Saint-Clément-de-la-Place,2158.0,Moins de 3 500 habitants
Saint-Just-sur-Dive,394.0,Moins de 3 500 habitants
Saint-Melaine-sur-Aubance,2119.0,Moins de 3 500 habitants
Saint-Philbert-du-Peuple,1336.0,Moins de 3 500 habitants
Saint-Sigismond,389.0,Moins de 3 500 habitants
Thorigné-d'Anjou,1251.0,Moins de 3 500 habitants
Varennes-sur-Loire,1879.0,Moins de 3 500 habitants
Varrains,1271.0,Moins de 3 500 habitants
Ballots,1312.0,Moins de 3 500 habitants
La Bazouge-des-Alleux,550.0,Moins de 3 500 habitants
Bonchamp-lès-Laval,6230.0,Plus de 5 000 habitants
Bouchamps-lès-Craon,573.0,Moins de 3 500 habitants
Bouère,1110.0,Moins de 3 500 habitants
Brains-sur-les-Marches,274.0,Moins de 3 500 habitants
Châlons-du-Maine,716.0,Moins de 3 500 habitants
Charchigné,487.0,Moins de 3 500 habitants
Chevaigné-du-Maine,180.0,Moins de 3 500 habitants
Colombiers-du-Plessis,503.0,Moins de 3 500 habitants
Craon,4685.0,Entre 3 500 et 5 000 habitants
Crennes-sur-Fraubée,195.0,Moins de 3 500 habitants
La Cropte,215.0,Moins de 3 500 habitants
Cuillé,901.0,Moins de 3 500 habitants
Le Genest-Saint-Isle,2192.0,Moins de 3 500 habitants
Gesnes,233.0,Moins de 3 500 habitants
Gesvres,530.0,Moins de 3 500 habitants
Le Ham,403.0,Moins de 3 500 habitants
Livet,159.0,Moins de 3 500 habitants
Loiron-Ruillé,2728.0,Moins de 3 500 habitants
Louverné,4396.0,Entre 3 500 et 5 000 habitants
Moulay,980.0,Moins de 3 500 habitants
Le Pas,559.0,Moins de 3 500 habitants
Pré-en-Pail-Saint-Samson,2409.0,Moins de 3 500 habitants
Quelaines-Saint-Gault,2222.0,Moins de 3 500 habitants
Renazé,2574.0,Moins de 3 500 habitants
Saint-Erblon,176.0,Moins de 3 500 habitants
Saint-Germain-de-Coulamer,359.0,Moins de 3 500 habitants
Saint-Hilaire-du-Maine,887.0,Moins de 3 500 habitants
Saint-Loup-du-Gast,378.0,Moins de 3 500 habitants
Saint-Pierre-des-Nids,2017.0,Moins de 3 500 habitants
Saint-Saturnin-du-Limet,521.0,Moins de 3 500 habitants
Soucé,167.0,Moins de 3 500 habitants
Torcé-Viviers-en-Charnie,771.0,Moins de 3 500 habitants
Vimarcé,238.0,Moins de 3 500 habitants
Voutré,924.0,Moins de 3 500 habitants
Aigné,1695.0,Moins de 3 500 habitants
Aillières-Beauvoir,223.0,Moins de 3 500 habitants
Amné,569.0,Moins de 3 500 habitants
Ancinnes,970.0,Moins de 3 500 habitants
Asnières-sur-Vègre,417.0,Moins de 3 500 habitants
Auvers-sous-Montfaucon,247.0,Moins de 3 500 habitants
Beaumont-sur-Dême,339.0,Moins de 3 500 habitants
Bonnétable,3915.0,Entre 3 500 et 5 000 habitants
Brûlon,1611.0,Moins de 3 500 habitants
Champfleur,1382.0,Moins de 3 500 habitants
Changé,6713.0,Plus de 5 000 habitants
Château-l'Hermitage,256.0,Moins de 3 500 habitants
Chenay,233.0,Moins de 3 500 habitants
Commerveil,139.0,Moins de 3 500 habitants
Courcelles-la-Forêt,415.0,Moins de 3 500 habitants
Courcival,97.0,Moins de 3 500 habitants
Grandchamp,164.0,Moins de 3 500 habitants
Jupilles,578.0,Moins de 3 500 habitants
Lavardin,744.0,Moins de 3 500 habitants
Lhomme,916.0,Moins de 3 500 habitants
Livet-en-Saosnois,70.0,Moins de 3 500 habitants
Luceau,1253.0,Moins de 3 500 habitants
Mamers,5460.0,Plus de 5 000 habitants
Le Mans,145776.0,Plus de 5 000 habitants
Melleray,439.0,Moins de 3 500 habitants
Nauvay,13.0,Moins de 3 500 habitants
Neuvillalais,602.0,Moins de 3 500 habitants
Neuville-sur-Sarthe,2469.0,Moins de 3 500 habitants
Noyen-sur-Sarthe,2644.0,Moins de 3 500 habitants
Oisseau-le-Petit,675.0,Moins de 3 500 habitants
Parigné-le-Pôlin,1137.0,Moins de 3 500 habitants
Pontvallain,1700.0,Moins de 3 500 habitants
Rouperroux-le-Coquet,296.0,Moins de 3 500 habitants
Ruillé-en-Champagne,334.0,Moins de 3 500 habitants
Saint-Corneille,1445.0,Moins de 3 500 habitants
Saint-Georges-le-Gaultier,536.0,Moins de 3 500 habitants
Saint-Martin-des-Monts,183.0,Moins de 3 500 habitants
Saint-Pierre-des-Bois,238.0,Moins de 3 500 habitants
Sainte-Jamme-sur-Sarthe,2083.0,Moins de 3 500 habitants
Sainte-Sabine-sur-Longève,781.0,Moins de 3 500 habitants
Savigné-sous-le-Lude,442.0,Moins de 3 500 habitants
Souligné-sous-Ballon,1223.0,Moins de 3 500 habitants
Surfonds,346.0,Moins de 3 500 habitants
Thorigné-sur-Dué,1642.0,Moins de 3 500 habitants
Torcé-en-Vallée,1420.0,Moins de 3 500 habitants
Trangé,1445.0,Moins de 3 500 habitants
Villaines-la-Carelle,157.0,Moins de 3 500 habitants
Villaines-sous-Malicorne,1037.0,Moins de 3 500 habitants
Villeneuve-en-Perseigne,2238.0,Moins de 3 500 habitants
Vion,1481.0,Moins de 3 500 habitants
L' Aiguillon-sur-Vie,1988.0,Moins de 3 500 habitants
Benet,4086.0,Entre 3 500 et 5 000 habitants
La Bretonnière-la-Claye,583.0,Moins de 3 500 habitants
Chaillé-les-Marais,1921.0,Moins de 3 500 habitants
Challans,21318.0,Plus de 5 000 habitants
Le Champ-Saint-Père,1860.0,Moins de 3 500 habitants
Chanverrie,5650.0,Plus de 5 000 habitants
La Chapelle-aux-Lys,256.0,Moins de 3 500 habitants
La Chapelle-Thémer,394.0,Moins de 3 500 habitants
La Copechagnière,1010.0,Moins de 3 500 habitants
L' Épine,1672.0,Moins de 3 500 habitants
Le Fenouiller,4838.0,Entre 3 500 et 5 000 habitants
Les Herbiers,16421.0,Plus de 5 000 habitants
L' Île-d'Olonne,2751.0,Moins de 3 500 habitants
Les Landes-Genusson,2429.0,Moins de 3 500 habitants
Liez,282.0,Moins de 3 500 habitants
Longèves,1372.0,Moins de 3 500 habitants
Marsais-Sainte-Radégonde,503.0,Moins de 3 500 habitants
Montaigu-Vendée,20744.0,Plus de 5 000 habitants
Montreuil,823.0,Moins de 3 500 habitants
Moutiers-les-Mauxfaits,2160.0,Moins de 3 500 habitants
Nalliers,2362.0,Moins de 3 500 habitants
Les Sables-d'Olonne,45445.0,Plus de 5 000 habitants
Saint-Hilaire-de-Voust,607.0,Moins de 3 500 habitants
Saint-Hilaire-des-Loges,2004.0,Moins de 3 500 habitants
Saint-Jean-de-Monts,8843.0,Plus de 5 000 habitants
Saint-Maixent-sur-Vie,1084.0,Moins de 3 500 habitants
Saint-Maurice-des-Noues,666.0,Moins de 3 500 habitants
Saint-Philbert-de-Bouaine,3461.0,Moins de 3 500 habitants
Venansault,4807.0,Entre 3 500 et 5 000 habitants
Vouvant,915.0,Moins de 3 500 habitants
Avessac,2530.0,Moins de 3 500 habitants
La Baule-Escoublac,16658.0,Plus de 5 000 habitants
Besné,3086.0,Moins de 3 500 habitants
Le Bignon,3839.0,Entre 3 500 et 5 000 habitants
Campbon,4067.0,Entre 3 500 et 5 000 habitants
Casson,2329.0,Moins de 3 500 habitants
Château-Thébaud,3200.0,Moins de 3 500 habitants
Cheix-en-Retz,1075.0,Moins de 3 500 habitants
Clisson,7421.0,Plus de 5 000 habitants
Derval,3916.0,Entre 3 500 et 5 000 habitants
Fay-de-Bretagne,3674.0,Entre 3 500 et 5 000 habitants
Le Gâvre,1833.0,Moins de 3 500 habitants
Grand-Auverné,781.0,Moins de 3 500 habitants
Herbignac,6946.0,Plus de 5 000 habitants
Legé,4626.0,Entre 3 500 et 5 000 habitants
Orvault,27082.0,Plus de 5 000 habitants
Pannecé,1387.0,Moins de 3 500 habitants
Le Pellerin,5259.0,Plus de 5 000 habitants
Plessé,5379.0,Plus de 5 000 habitants
Pont-Saint-Martin,6118.0,Plus de 5 000 habitants
Pornic,15407.0,Plus de 5 000 habitants
Préfailles,1276.0,Moins de 3 500 habitants
Saint-Aignan-Grandlieu,4004.0,Entre 3 500 et 5 000 habitants
Saint-Fiacre-sur-Maine,1229.0,Moins de 3 500 habitants
Saint-Lyphard,4856.0,Entre 3 500 et 5 000 habitants
Sautron,8350.0,Plus de 5 000 habitants
Sion-les-Mines,1623.0,Moins de 3 500 habitants
Touvois,1853.0,Moins de 3 500 habitants
Vay,2074.0,Moins de 3 500 habitants
Villepot,683.0,Moins de 3 500 habitants
Vue,1664.0,Moins de 3 500 habitants
Antoigné,469.0,Moins de 3 500 habitants
Armaillé,319.0,Moins de 3 500 habitants
Aubigné-sur-Layon,377.0,Moins de 3 500 habitants
Béhuard,131.0,Moins de 3 500 habitants
Carbay,266.0,Moins de 3 500 habitants
Champtocé-sur-Loire,1898.0,Moins de 3 500 habitants
Cléré-sur-Layon,347.0,Moins de 3 500 habitants
Fontevraud-l'Abbaye,1562.0,Moins de 3 500 habitants
Grez-Neuville,1480.0,Moins de 3 500 habitants
Loire-Authion,16294.0,Plus de 5 000 habitants
Longuenée-en-Anjou,6499.0,Plus de 5 000 habitants
Mûrs-Erigné,5620.0,Plus de 5 000 habitants
Les Ponts-de-Cé,13252.0,Plus de 5 000 habitants
Saint-Germain-des-Prés,1419.0,Moins de 3 500 habitants
Saint-Martin-du-Fouilloux,1710.0,Moins de 3 500 habitants
La Séguinière,4228.0,Entre 3 500 et 5 000 habitants
Sèvremoine,25983.0,Plus de 5 000 habitants
Soulaines-sur-Aubance,1452.0,Moins de 3 500 habitants
Terranjou,4050.0,Entre 3 500 et 5 000 habitants
Tiercé,4453.0,Entre 3 500 et 5 000 habitants
Val-du-Layon,3453.0,Moins de 3 500 habitants
Ambrières-les-Vallées,2809.0,Moins de 3 500 habitants
Belgeard,624.0,Moins de 3 500 habitants
Bouessay,755.0,Moins de 3 500 habitants
Le Buret,312.0,Moins de 3 500 habitants
Champfrémont,316.0,Moins de 3 500 habitants
Champgenéteux,535.0,Moins de 3 500 habitants
Changé,6211.0,Plus de 5 000 habitants
La Chapelle-Rainsouin,418.0,Moins de 3 500 habitants
Couesmes-Vaucé,382.0,Moins de 3 500 habitants
Courcité,927.0,Moins de 3 500 habitants
Denazé,167.0,Moins de 3 500 habitants
Gorron,2615.0,Moins de 3 500 habitants
Izé,467.0,Moins de 3 500 habitants
Mayenne,13551.0,Plus de 5 000 habitants
Mée,227.0,Moins de 3 500 habitants
Montaudin,923.0,Moins de 3 500 habitants
Montjean,1056.0,Moins de 3 500 habitants
Origné,428.0,Moins de 3 500 habitants
Placé,348.0,Moins de 3 500 habitants
La Roë,247.0,Moins de 3 500 habitants
La Rouaudière,332.0,Moins de 3 500 habitants
Saint-Aubin-Fosse-Louvain,223.0,Moins de 3 500 habitants
Saint-Brice,541.0,Moins de 3 500 habitants
Saint-Jean-sur-Mayenne,1702.0,Moins de 3 500 habitants
Saint-Mars-sur-la-Futaie,548.0,Moins de 3 500 habitants
Saint-Quentin-les-Anges,442.0,Moins de 3 500 habitants
Senonnes,365.0,Moins de 3 500 habitants
Vautorte,604.0,Moins de 3 500 habitants
Villaines-la-Juhel,2851.0,Moins de 3 500 habitants
Villepail,178.0,Moins de 3 500 habitants
Assé-le-Riboul,528.0,Moins de 3 500 habitants
Avesnes-en-Saosnois,90.0,Moins de 3 500 habitants
Beaufay,1506.0,Moins de 3 500 habitants
Beaumont-sur-Sarthe,1986.0,Moins de 3 500 habitants
Le Breil-sur-Mérize,1569.0,Moins de 3 500 habitants
Challes,1235.0,Moins de 3 500 habitants
La Chapelle-du-Bois,893.0,Moins de 3 500 habitants
Duneau,1066.0,Moins de 3 500 habitants
Dureil,71.0,Moins de 3 500 habitants
Épineu-le-Chevreuil,304.0,Moins de 3 500 habitants
Fyé,1036.0,Moins de 3 500 habitants
Jauzé,85.0,Moins de 3 500 habitants
Joué-en-Charnie,659.0,Moins de 3 500 habitants
Juillé,487.0,Moins de 3 500 habitants
Mézeray,1941.0,Moins de 3 500 habitants
Mézières-sur-Ponthouin,713.0,Moins de 3 500 habitants
Moitron-sur-Sarthe,263.0,Moins de 3 500 habitants
Nogent-le-Bernard,951.0,Moins de 3 500 habitants
Parigné-l'Évêque,5164.0,Plus de 5 000 habitants
Poillé-sur-Vègre,637.0,Moins de 3 500 habitants
Préval,702.0,Moins de 3 500 habitants
Rouessé-Fontaine,281.0,Moins de 3 500 habitants
Saint-Aubin-des-Coudrais,947.0,Moins de 3 500 habitants
Saint-Mars-la-Brière,2717.0,Moins de 3 500 habitants
Saint-Rémy-des-Monts,706.0,Moins de 3 500 habitants
Sainte-Cérotte,322.0,Moins de 3 500 habitants
Solesmes,1236.0,Moins de 3 500 habitants
Souillé,699.0,Moins de 3 500 habitants
Spay,2938.0,Moins de 3 500 habitants
Thoiré-sous-Contensor,92.0,Moins de 3 500 habitants
Thoiré-sur-Dinan,444.0,Moins de 3 500 habitants
Tuffé Val de la Chéronne,1690.0,Moins de 3 500 habitants
Valennes,322.0,Moins de 3 500 habitants
Verneil-le-Chétif,721.0,Moins de 3 500 habitants
Vernie,340.0,Moins de 3 500 habitants
Villaines-sous-Lucé,732.0,Moins de 3 500 habitants
Viré-en-Champagne,206.0,Moins de 3 500 habitants
Vouvray-sur-Huisne,132.0,Moins de 3 500 habitants
Les Achards,5166.0,Plus de 5 000 habitants
Beaulieu-sous-la-Roche,2241.0,Moins de 3 500 habitants
Le Bernard,1233.0,Moins de 3 500 habitants
La Bernardière,1848.0,Moins de 3 500 habitants
Bois-de-Céné,2035.0,Moins de 3 500 habitants
La Boissière-de-Montaigu,2302.0,Moins de 3 500 habitants
La Boissière-des-Landes,1406.0,Moins de 3 500 habitants
Bouillé-Courdault,607.0,Moins de 3 500 habitants
Le Boupère,3192.0,Moins de 3 500 habitants
Les Brouzils,2842.0,Moins de 3 500 habitants
La Bruffière,4003.0,Entre 3 500 et 5 000 habitants
La Chapelle-Palluau,964.0,Moins de 3 500 habitants
Château-Guibert,1553.0,Moins de 3 500 habitants
Châteauneuf,1075.0,Moins de 3 500 habitants
Commequiers,3553.0,Entre 3 500 et 5 000 habitants
La Couture,221.0,Moins de 3 500 habitants
Le Girouard,1069.0,Moins de 3 500 habitants
Grues,865.0,Moins de 3 500 habitants
Le Gué-de-Velluire,556.0,Moins de 3 500 habitants
L' Île-d'Yeu,4909.0,Entre 3 500 et 5 000 habitants
Les Lucs-sur-Boulogne,3534.0,Entre 3 500 et 5 000 habitants
Nesmy,2927.0,Moins de 3 500 habitants
Nieul-le-Dolent,2512.0,Moins de 3 500 habitants
Pissotte,1178.0,Moins de 3 500 habitants
Pouillé,646.0,Moins de 3 500 habitants
Pouzauges,5695.0,Plus de 5 000 habitants
Saint-Aubin-des-Ormeaux,1351.0,Moins de 3 500 habitants
Saint-Cyr-en-Talmondais,383.0,Moins de 3 500 habitants
Saint-Hilaire-le-Vouhis,1081.0,Moins de 3 500 habitants
Saint-Jean-de-Beugné,603.0,Moins de 3 500 habitants
Saint-Martin-des-Fontaines,174.0,Moins de 3 500 habitants
Saint-Martin-Lars-en-Sainte-Hermine,417.0,Moins de 3 500 habitants
Saint-Mathurin,2305.0,Moins de 3 500 habitants
Saint-Pierre-du-Chemin,1356.0,Moins de 3 500 habitants
Sérigné,1003.0,Moins de 3 500 habitants
Le Tablier,759.0,Moins de 3 500 habitants
Thouarsais-Bouildroux,780.0,Moins de 3 500 habitants
Tiffauges,1628.0,Moins de 3 500 habitants
Vouillé-les-Marais,765.0,Moins de 3 500 habitants
Xanton-Chassenon,742.0,Moins de 3 500 habitants
Aigrefeuille-sur-Maine,4043.0,Entre 3 500 et 5 000 habitants
Le Cellier,3892.0,Entre 3 500 et 5 000 habitants
La Chapelle-sur-Erdre,20044.0,Plus de 5 000 habitants
La Chevrolière,5670.0,Plus de 5 000 habitants
Corcoué-sur-Logne,2966.0,Moins de 3 500 habitants
La Grigonnais,1698.0,Moins de 3 500 habitants
Guérande,16426.0,Plus de 5 000 habitants
La Haie-Fouassière,4769.0,Entre 3 500 et 5 000 habitants
Haute-Goulaine,5886.0,Plus de 5 000 habitants
La Limouzinière,2443.0,Moins de 3 500 habitants
Maisdon-sur-Sèvre,2980.0,Moins de 3 500 habitants
Marsac-sur-Don,1528.0,Moins de 3 500 habitants
Nort-sur-Erdre,8949.0,Plus de 5 000 habitants
Paimbœuf,3200.0,Moins de 3 500 habitants
Petit-Auverné,432.0,Moins de 3 500 habitants
Petit-Mars,3653.0,Entre 3 500 et 5 000 habitants
Le Pin,769.0,Moins de 3 500 habitants
La Planche,2672.0,Moins de 3 500 habitants
Pontchâteau,10903.0,Plus de 5 000 habitants
Le Pouliguen,4376.0,Entre 3 500 et 5 000 habitants
Remouillé,1938.0,Moins de 3 500 habitants
Rezé,42154.0,Plus de 5 000 habitants
Riaillé,2391.0,Moins de 3 500 habitants
La Roche-Blanche,1207.0,Moins de 3 500 habitants
Rouans,2993.0,Moins de 3 500 habitants
Rougé,2288.0,Moins de 3 500 habitants
Saint-Aubin-des-Châteaux,1838.0,Moins de 3 500 habitants
Saint-Jean-de-Boiseau,5936.0,Plus de 5 000 habitants
Sainte-Reine-de-Bretagne,2403.0,Moins de 3 500 habitants
Sucé-sur-Erdre,7220.0,Plus de 5 000 habitants
Les Touches,2505.0,Moins de 3 500 habitants
La Turballe,4523.0,Entre 3 500 et 5 000 habitants
Vallet,9185.0,Plus de 5 000 habitants
Angers,156037.0,Plus de 5 000 habitants
Bellevigne-les-Châteaux,3601.0,Entre 3 500 et 5 000 habitants
Bouchemaine,6912.0,Plus de 5 000 habitants
Bouillé-Ménard,770.0,Moins de 3 500 habitants
Briollay,3006.0,Moins de 3 500 habitants
Brossay,368.0,Moins de 3 500 habitants
Chazé-sur-Argos,1083.0,Moins de 3 500 habitants
Chenillé-Champteussé,357.0,Moins de 3 500 habitants
Courléon,151.0,Moins de 3 500 habitants
Distré,1770.0,Moins de 3 500 habitants
La Jaille-Yvon,331.0,Moins de 3 500 habitants
Mazé-Milon,5900.0,Plus de 5 000 habitants
Montreuil-Bellay,4071.0,Entre 3 500 et 5 000 habitants
Noyant-Villages,5803.0,Plus de 5 000 habitants
Nuaillé,1508.0,Moins de 3 500 habitants
Le Plessis-Grammoire,2438.0,Moins de 3 500 habitants
La Possonnière,2478.0,Moins de 3 500 habitants
Saint-Georges-sur-Loire,3649.0,Entre 3 500 et 5 000 habitants
Sarrigné,836.0,Moins de 3 500 habitants
Sermaise,334.0,Moins de 3 500 habitants
Somloire,905.0,Moins de 3 500 habitants
Verrières-en-Anjou,7445.0,Plus de 5 000 habitants
Vezins,1748.0,Moins de 3 500 habitants
Vivy,2618.0,Moins de 3 500 habitants
Ahuillé,1841.0,Moins de 3 500 habitants
Aron,1852.0,Moins de 3 500 habitants
Arquenay,655.0,Moins de 3 500 habitants
La Baconnière,1967.0,Moins de 3 500 habitants
Beaumont-Pied-de-Bœuf,193.0,Moins de 3 500 habitants
Le Bourgneuf-la-Forêt,1815.0,Moins de 3 500 habitants
Bourgon,650.0,Moins de 3 500 habitants
Brée,541.0,Moins de 3 500 habitants
La Chapelle-Craonnaise,360.0,Moins de 3 500 habitants
Château-Gontier-sur-Mayenne,17424.0,Plus de 5 000 habitants
Châtelain,482.0,Moins de 3 500 habitants
La Croixille,704.0,Moins de 3 500 habitants
La Gravelle,552.0,Moins de 3 500 habitants
Grez-en-Bouère,1030.0,Moins de 3 500 habitants
Hambers,623.0,Moins de 3 500 habitants
Juvigné,1470.0,Moins de 3 500 habitants
Martigné-sur-Mayenne,1881.0,Moins de 3 500 habitants
Mézangers,670.0,Moins de 3 500 habitants
Montflours,261.0,Moins de 3 500 habitants
La Pellerine,345.0,Moins de 3 500 habitants
Ravigny,245.0,Moins de 3 500 habitants
Saint-Cyr-le-Gravelais,558.0,Moins de 3 500 habitants
Saint-Denis-de-Gastines,1544.0,Moins de 3 500 habitants
Saint-Denis-du-Maine,437.0,Moins de 3 500 habitants
Saint-Georges-sur-Erve,395.0,Moins de 3 500 habitants
Saint-Germain-le-Guillaume,505.0,Moins de 3 500 habitants
Saint-Léger,311.0,Moins de 3 500 habitants
Saint-Mars-du-Désert,167.0,Moins de 3 500 habitants
Saint-Michel-de-la-Roë,274.0,Moins de 3 500 habitants
Sainte-Gemmes-le-Robert,878.0,Moins de 3 500 habitants
Sainte-Suzanne-et-Chammes,1311.0,Moins de 3 500 habitants
Thorigné-en-Charnie,198.0,Moins de 3 500 habitants
Trans,236.0,Moins de 3 500 habitants
Vaiges,1180.0,Moins de 3 500 habitants
Val-du-Maine,957.0,Moins de 3 500 habitants
Vieuvy,126.0,Moins de 3 500 habitants
Ardenay-sur-Mérize,491.0,Moins de 3 500 habitants
Arnage,5432.0,Plus de 5 000 habitants
Assé-le-Boisne,930.0,Moins de 3 500 habitants
Blèves,106.0,Moins de 3 500 habitants
Briosne-lès-Sables,546.0,Moins de 3 500 habitants
La Bruère-sur-Loir,246.0,Moins de 3 500 habitants
Champrond,73.0,Moins de 3 500 habitants
La Chapelle-d'Aligné,1719.0,Moins de 3 500 habitants
La Chartre-sur-le-Loir,1442.0,Moins de 3 500 habitants
Cherré-Au,2777.0,Moins de 3 500 habitants
Courdemanche,618.0,Moins de 3 500 habitants
Dollon,1517.0,Moins de 3 500 habitants
Douillet,339.0,Moins de 3 500 habitants
Gesnes-le-Gandelin,985.0,Moins de 3 500 habitants
Guécélard,3071.0,Moins de 3 500 habitants
La Guierche,1126.0,Moins de 3 500 habitants
Marigné-Laillé,1659.0,Moins de 3 500 habitants
Monhoudou,215.0,Moins de 3 500 habitants
Montfort-le-Gesnois,3021.0,Moins de 3 500 habitants
Montmirail,398.0,Moins de 3 500 habitants
Montreuil-le-Chétif,302.0,Moins de 3 500 habitants
Nouans,291.0,Moins de 3 500 habitants
Piacé,390.0,Moins de 3 500 habitants
Pirmil,521.0,Moins de 3 500 habitants
René,384.0,Moins de 3 500 habitants
Roézé-sur-Sarthe,2695.0,Moins de 3 500 habitants
Rouillon,2574.0,Moins de 3 500 habitants
Saint-Biez-en-Belin,725.0,Moins de 3 500 habitants
Saint-Calais,3431.0,Moins de 3 500 habitants
Saint-Gervais-de-Vic,402.0,Moins de 3 500 habitants
Saint-Michel-de-Chavaignes,748.0,Moins de 3 500 habitants
Saint-Ouen-de-Mimbré,1040.0,Moins de 3 500 habitants
Saint-Ouen-en-Belin,1326.0,Moins de 3 500 habitants
Saint-Pavace,1983.0,Moins de 3 500 habitants
Saosnes,216.0,Moins de 3 500 habitants
Ségrie,612.0,Moins de 3 500 habitants
Semur-en-Vallon,456.0,Moins de 3 500 habitants
Sillé-le-Guillaume,2391.0,Moins de 3 500 habitants
Sougé-le-Ganelon,919.0,Moins de 3 500 habitants
Souvigné-sur-Même,181.0,Moins de 3 500 habitants
Souvigné-sur-Sarthe,641.0,Moins de 3 500 habitants
Théligny,218.0,Moins de 3 500 habitants
Vallon-sur-Gée,816.0,Moins de 3 500 habitants
Villaines-la-Gonais,574.0,Moins de 3 500 habitants
Volnay,930.0,Moins de 3 500 habitants
Yvré-l'Évêque,4361.0,Entre 3 500 et 5 000 habitants
Barbâtre,1772.0,Moins de 3 500 habitants
Bazoges-en-Pareds,1180.0,Moins de 3 500 habitants
Beaurepaire,2449.0,Moins de 3 500 habitants
Brem-sur-Mer,2767.0,Moins de 3 500 habitants
La Châtaigneraie,2579.0,Moins de 3 500 habitants
Coëx,3229.0,Moins de 3 500 habitants
Cugand,3590.0,Entre 3 500 et 5 000 habitants
Damvix,763.0,Moins de 3 500 habitants
Faymoreau,206.0,Moins de 3 500 habitants
La Ferrière,5408.0,Plus de 5 000 habitants
Foussais-Payré,1160.0,Moins de 3 500 habitants
Le Givre,513.0,Moins de 3 500 habitants
La Guérinière,1379.0,Moins de 3 500 habitants
La Jaudonnière,616.0,Moins de 3 500 habitants
Lairoux,638.0,Moins de 3 500 habitants
Luçon,9928.0,Plus de 5 000 habitants
Montréverd,3736.0,Entre 3 500 et 5 000 habitants
Mouchamps,2930.0,Moins de 3 500 habitants
Mouilleron-le-Captif,5032.0,Plus de 5 000 habitants
Saint-Benoist-sur-Mer,480.0,Moins de 3 500 habitants
Saint-Denis-du-Payré,394.0,Moins de 3 500 habitants
Saint-Gilles-Croix-de-Vie,7879.0,Plus de 5 000 habitants
Saint-Malô-du-Bois,1651.0,Moins de 3 500 habitants
Saint-Martin-des-Tilleuls,1087.0,Moins de 3 500 habitants
Saint-Maurice-le-Girard,602.0,Moins de 3 500 habitants
Saint-Prouant,1646.0,Moins de 3 500 habitants
Saint-Sigismond,413.0,Moins de 3 500 habitants
Sainte-Gemme-la-Plaine,2257.0,Moins de 3 500 habitants
Sainte-Pexine,268.0,Moins de 3 500 habitants
Sèvremont,6703.0,Plus de 5 000 habitants
Ancenis-Saint-Géréon,11184.0,Plus de 5 000 habitants
Basse-Goulaine,9268.0,Plus de 5 000 habitants
Batz-sur-Mer,2981.0,Moins de 3 500 habitants
Blain,9963.0,Plus de 5 000 habitants
Bouée,1005.0,Moins de 3 500 habitants
Boussay,2656.0,Moins de 3 500 habitants
Cordemais,3751.0,Entre 3 500 et 5 000 habitants
Couffé,2614.0,Moins de 3 500 habitants
Divatte-sur-Loire,6943.0,Plus de 5 000 habitants
Erbray,3078.0,Moins de 3 500 habitants
Héric,6131.0,Plus de 5 000 habitants
Issé,1872.0,Moins de 3 500 habitants
Juigné-des-Moutiers,348.0,Moins de 3 500 habitants
Loireauxence,7659.0,Plus de 5 000 habitants
Malville,3515.0,Entre 3 500 et 5 000 habitants
Mesquer,1982.0,Moins de 3 500 habitants
Montrelais,863.0,Moins de 3 500 habitants
Mouzillon,2882.0,Moins de 3 500 habitants
Notre-Dame-des-Landes,2208.0,Moins de 3 500 habitants
Oudon,3870.0,Entre 3 500 et 5 000 habitants
Pierric,991.0,Moins de 3 500 habitants
Piriac-sur-Mer,2296.0,Moins de 3 500 habitants
Saint-Étienne-de-Mer-Morte,1753.0,Moins de 3 500 habitants
Saint-Herblain,46998.0,Plus de 5 000 habitants
Saint-Hilaire-de-Chaléons,2331.0,Moins de 3 500 habitants
Saint-Michel-Chef-Chef,5078.0,Plus de 5 000 habitants
Saint-Nicolas-de-Redon,3247.0,Moins de 3 500 habitants
Saint-Vincent-des-Landes,1555.0,Moins de 3 500 habitants
Sainte-Luce-sur-Loire,15616.0,Plus de 5 000 habitants
Sévérac,1649.0,Moins de 3 500 habitants
Trignac,7947.0,Plus de 5 000 habitants
Vair-sur-Loire,4772.0,Entre 3 500 et 5 000 habitants
Vallons-de-l'Erdre,6676.0,Plus de 5 000 habitants
Vertou,24868.0,Plus de 5 000 habitants
Vieillevigne,4031.0,Entre 3 500 et 5 000 habitants
Villeneuve-en-Retz,4982.0,Entre 3 500 et 5 000 habitants
Baracé,585.0,Moins de 3 500 habitants
Candé,2896.0,Moins de 3 500 habitants
Chambellay,413.0,Moins de 3 500 habitants
La Chapelle-Saint-Laud,769.0,Moins de 3 500 habitants
Chaudefonds-sur-Layon,967.0,Moins de 3 500 habitants
Cholet,55787.0,Plus de 5 000 habitants
Cizay-la-Madeleine,468.0,Moins de 3 500 habitants
Corzé,1856.0,Moins de 3 500 habitants
Écouflant,4214.0,Entre 3 500 et 5 000 habitants
Étriché,1566.0,Moins de 3 500 habitants
Les Hauts-d'Anjou,8947.0,Plus de 5 000 habitants
Miré,996.0,Moins de 3 500 habitants
Montsoreau,454.0,Moins de 3 500 habitants
Parnay,446.0,Moins de 3 500 habitants
La Pellerine,141.0,Moins de 3 500 habitants
Rochefort-sur-Loire,2396.0,Moins de 3 500 habitants
Saint-Augustin-des-Bois,1246.0,Moins de 3 500 habitants
Saint-Léger-de-Linières,3659.0,Entre 3 500 et 5 000 habitants
Saint-Macaire-du-Bois,462.0,Moins de 3 500 habitants
Seiches-sur-le-Loir,3020.0,Moins de 3 500 habitants
Soulaire-et-Bourg,1526.0,Moins de 3 500 habitants
La Tessoualle,3269.0,Moins de 3 500 habitants
Toutlemonde,1360.0,Moins de 3 500 habitants
Vaudelnay,1163.0,Moins de 3 500 habitants
Villebernier,1524.0,Moins de 3 500 habitants
Averton,601.0,Moins de 3 500 habitants
La Bazoge-Montpinçon,1042.0,Moins de 3 500 habitants
Brecé,837.0,Moins de 3 500 habitants
La Brûlatte,715.0,Moins de 3 500 habitants
Chantrigné,639.0,Moins de 3 500 habitants
La Chapelle-au-Riboul,511.0,Moins de 3 500 habitants
Cossé-en-Champagne,333.0,Moins de 3 500 habitants
Cossé-le-Vivien,3209.0,Moins de 3 500 habitants
Couptrain,133.0,Moins de 3 500 habitants
Évron,8903.0,Plus de 5 000 habitants
Fontaine-Couverte,447.0,Moins de 3 500 habitants
Fougerolles-du-Plessis,1220.0,Moins de 3 500 habitants
Hercé,324.0,Moins de 3 500 habitants
Le Horps,764.0,Moins de 3 500 habitants
Landivy,1171.0,Moins de 3 500 habitants
Laval,52284.0,Plus de 5 000 habitants
Levaré,300.0,Moins de 3 500 habitants
Maisoncelles-du-Maine,527.0,Moins de 3 500 habitants
Marigné-Peuton,562.0,Moins de 3 500 habitants
Montreuil-Poulay,382.0,Moins de 3 500 habitants
Nuillé-sur-Vicoin,1236.0,Moins de 3 500 habitants
Oisseau,1209.0,Moins de 3 500 habitants
Peuton,237.0,Moins de 3 500 habitants
Saint-Aignan-sur-Roë,918.0,Moins de 3 500 habitants
Saint-Aubin-du-Désert,247.0,Moins de 3 500 habitants
Saint-Berthevin,7585.0,Plus de 5 000 habitants
La Selle-Craonnaise,970.0,Moins de 3 500 habitants
Simplé,456.0,Moins de 3 500 habitants
Allonnes,11206.0,Plus de 5 000 habitants
Avoise,619.0,Moins de 3 500 habitants
Ballon-Saint Mars,2262.0,Moins de 3 500 habitants
Beaumont-Pied-de-Bœuf,501.0,Moins de 3 500 habitants
Berfay,340.0,Moins de 3 500 habitants
Bessé-sur-Braye,2248.0,Moins de 3 500 habitants
Béthon,331.0,Moins de 3 500 habitants
Bouër,335.0,Moins de 3 500 habitants
Bousse,448.0,Moins de 3 500 habitants
Brains-sur-Gée,833.0,Moins de 3 500 habitants
La Chapelle-aux-Choux,269.0,Moins de 3 500 habitants
La Chapelle-Saint-Fray,448.0,Moins de 3 500 habitants
Chassillé,246.0,Moins de 3 500 habitants
Chevillé,416.0,Moins de 3 500 habitants
Conflans-sur-Anille,527.0,Moins de 3 500 habitants
Cormes,921.0,Moins de 3 500 habitants
Coudrecieux,625.0,Moins de 3 500 habitants
Coulaines,7548.0,Plus de 5 000 habitants
Crissé,592.0,Moins de 3 500 habitants
Dangeul,474.0,Moins de 3 500 habitants
Fatines,861.0,Moins de 3 500 habitants
La Fontaine-Saint-Martin,626.0,Moins de 3 500 habitants
Fresnay-sur-Sarthe,3015.0,Moins de 3 500 habitants
Laigné-en-Belin,2383.0,Moins de 3 500 habitants
Louzes,102.0,Moins de 3 500 habitants
Lucé-sous-Ballon,107.0,Moins de 3 500 habitants
Mansigné,1584.0,Moins de 3 500 habitants
Mareil-en-Champagne,388.0,Moins de 3 500 habitants
Mareil-sur-Loir,673.0,Moins de 3 500 habitants
Mayet,3175.0,Moins de 3 500 habitants
Mézières-sous-Lavardin,700.0,Moins de 3 500 habitants
Montaillé,555.0,Moins de 3 500 habitants
Neufchâtel-en-Saosnois,1037.0,Moins de 3 500 habitants
Rahay,167.0,Moins de 3 500 habitants
Requeil,1195.0,Moins de 3 500 habitants
Ruaudin,3485.0,Moins de 3 500 habitants
Saint-Calez-en-Saosnois,188.0,Moins de 3 500 habitants
Saint-Léonard-des-Bois,485.0,Moins de 3 500 habitants
Saint-Longis,511.0,Moins de 3 500 habitants
Saint-Maixent,759.0,Moins de 3 500 habitants
Saint-Marceau,566.0,Moins de 3 500 habitants
Saint-Saturnin,2611.0,Moins de 3 500 habitants
Saint-Victeur,459.0,Moins de 3 500 habitants
Savigné-l'Évêque,4081.0,Entre 3 500 et 5 000 habitants
Tennie,1077.0,Moins de 3 500 habitants
Thoigné,168.0,Moins de 3 500 habitants
Thorée-les-Pins,735.0,Moins de 3 500 habitants
Tresson,474.0,Moins de 3 500 habitants
Val d'Étangson,533.0,Moins de 3 500 habitants
Yvré-le-Pôlin,1792.0,Moins de 3 500 habitants
Auchay-sur-Vendée,1175.0,Moins de 3 500 habitants
Beauvoir-sur-Mer,3964.0,Entre 3 500 et 5 000 habitants
Bellevigny,6124.0,Plus de 5 000 habitants
Breuil-Barret,647.0,Moins de 3 500 habitants
Cezais,311.0,Moins de 3 500 habitants
La Chaize-Giraud,1082.0,Moins de 3 500 habitants
Chantonnay,8732.0,Plus de 5 000 habitants
La Chapelle-Hermier,907.0,Moins de 3 500 habitants
Chasnais,748.0,Moins de 3 500 habitants
Corpe,1049.0,Moins de 3 500 habitants
La Garnache,5093.0,Plus de 5 000 habitants
L' Herbergement,3283.0,Moins de 3 500 habitants
L' Hermenault,928.0,Moins de 3 500 habitants
L' Île-d'Elle,1539.0,Moins de 3 500 habitants
La Jonchère,456.0,Moins de 3 500 habitants
Mareuil-sur-Lay-Dissais,2938.0,Moins de 3 500 habitants
Menomblet,675.0,Moins de 3 500 habitants
Monsireigne,988.0,Moins de 3 500 habitants
Noirmoutier-en-l'Île,4756.0,Entre 3 500 et 5 000 habitants
Rives de l'Yon,4335.0,Entre 3 500 et 5 000 habitants
La Roche-sur-Yon,57366.0,Plus de 5 000 habitants
Saint-Aubin-la-Plaine,541.0,Moins de 3 500 habitants
Saint-Cyr-des-Gâts,542.0,Moins de 3 500 habitants
Saint-Georges-de-Pointindoux,1683.0,Moins de 3 500 habitants
Saint-Gervais,2706.0,Moins de 3 500 habitants
Saint-Hilaire-la-Forêt,816.0,Moins de 3 500 habitants
Sallertaine,3169.0,Moins de 3 500 habitants
La Tranche-sur-Mer,2969.0,Moins de 3 500 habitants
Treize-Septiers,3290.0,Moins de 3 500 habitants
Treize-Vents,1284.0,Moins de 3 500 habitants
Brains,2898.0,Moins de 3 500 habitants
La Chapelle-Glain,820.0,Moins de 3 500 habitants
La Chapelle-Launay,3094.0,Moins de 3 500 habitants
Chauvé,2922.0,Moins de 3 500 habitants
Conquereuil,1134.0,Moins de 3 500 habitants
Frossay,3278.0,Moins de 3 500 habitants
Ligné,5240.0,Plus de 5 000 habitants
Massérac,704.0,Moins de 3 500 habitants
Mésanger,4762.0,Entre 3 500 et 5 000 habitants
Missillac,5410.0,Plus de 5 000 habitants
Montbert,3180.0,Moins de 3 500 habitants
Montoir-de-Bretagne,7166.0,Plus de 5 000 habitants
Quilly,1391.0,Moins de 3 500 habitants
Saint-André-des-Eaux,6643.0,Plus de 5 000 habitants
Saint-Colomban,3430.0,Moins de 3 500 habitants
Saint-Étienne-de-Montluc,7312.0,Plus de 5 000 habitants
Saint-Julien-de-Concelles,7015.0,Plus de 5 000 habitants
Saint-Lumine-de-Coutais,2201.0,Moins de 3 500 habitants
Saint-Malo-de-Guersac,3230.0,Moins de 3 500 habitants
Saint-Viaud,2552.0,Moins de 3 500 habitants
Les Sorinières,8669.0,Plus de 5 000 habitants
Treillières,9457.0,Plus de 5 000 habitants
Vigneux-de-Bretagne,6157.0,Plus de 5 000 habitants
Allonnes,3084.0,Moins de 3 500 habitants
Angrie,962.0,Moins de 3 500 habitants
Artannes-sur-Thouet,441.0,Moins de 3 500 habitants
Baugé-en-Anjou,12142.0,Plus de 5 000 habitants
Beaupréau-en-Mauges,23940.0,Plus de 5 000 habitants
Bégrolles-en-Mauges,2108.0,Moins de 3 500 habitants
Blou,1015.0,Moins de 3 500 habitants
La Breille-les-Pins,615.0,Moins de 3 500 habitants
Cantenay-Épinard,2339.0,Moins de 3 500 habitants
Chanteloup-les-Bois,710.0,Moins de 3 500 habitants
Cheffes,986.0,Moins de 3 500 habitants
Dénezé-sous-Doué,479.0,Moins de 3 500 habitants
Doué-en-Anjou,11278.0,Plus de 5 000 habitants
Durtal,3459.0,Moins de 3 500 habitants
Erdre-en-Anjou,5829.0,Plus de 5 000 habitants
Huillé-Lézigné,1340.0,Moins de 3 500 habitants
Mauges-sur-Loire,18730.0,Plus de 5 000 habitants
Montrevault-sur-Èvre,16165.0,Plus de 5 000 habitants
Rives-du-Loir-en-Anjou,5650.0,Plus de 5 000 habitants
Saint-Léger-sous-Cholet,3019.0,Moins de 3 500 habitants
Sainte-Gemmes-sur-Loire,3667.0,Entre 3 500 et 5 000 habitants
Sceaux-d'Anjou,1209.0,Moins de 3 500 habitants
Segré-en-Anjou Bleu,18388.0,Plus de 5 000 habitants
Trélazé,14810.0,Plus de 5 000 habitants
Trémentines,3059.0,Moins de 3 500 habitants
Vernantes,2023.0,Moins de 3 500 habitants
Carelles,271.0,Moins de 3 500 habitants
Châtillon-sur-Colmont,1049.0,Moins de 3 500 habitants
Forcé,1131.0,Moins de 3 500 habitants
Gennes-Longuefuye,1351.0,Moins de 3 500 habitants
Hardanges,204.0,Moins de 3 500 habitants
Launay-Villiers,390.0,Moins de 3 500 habitants
Lesbois,196.0,Moins de 3 500 habitants
Lignières-Orgères,758.0,Moins de 3 500 habitants
Louvigné,1167.0,Moins de 3 500 habitants
Meslay-du-Maine,2945.0,Moins de 3 500 habitants
Montenay,1385.0,Moins de 3 500 habitants
La Roche-Neuville,1205.0,Moins de 3 500 habitants
Sacé,507.0,Moins de 3 500 habitants
Saint-Cyr-en-Pail,507.0,Moins de 3 500 habitants
Saint-Germain-d'Anxure,397.0,Moins de 3 500 habitants
Saint-Germain-le-Fouilloux,1197.0,Moins de 3 500 habitants
Saint-Loup-du-Dorat,366.0,Moins de 3 500 habitants
Saint-Martin-de-Connée,429.0,Moins de 3 500 habitants
Saint-Martin-du-Limet,450.0,Moins de 3 500 habitants
Saint-Ouën-des-Toits,1784.0,Moins de 3 500 habitants
Saint-Poix,411.0,Moins de 3 500 habitants
Saint-Thomas-de-Courceriers,189.0,Moins de 3 500 habitants
Soulgé-sur-Ouette,1115.0,Moins de 3 500 habitants
Le Bailleul,1251.0,Moins de 3 500 habitants
Bernay-Neuvy-en-Champagne,920.0,Moins de 3 500 habitants
Bourg-le-Roi,328.0,Moins de 3 500 habitants
Brette-les-Pins,2268.0,Moins de 3 500 habitants
La Chapelle-Huon,562.0,Moins de 3 500 habitants
Chaufour-Notre-Dame,1089.0,Moins de 3 500 habitants
Chemiré-le-Gaudin,1005.0,Moins de 3 500 habitants
Chenu,435.0,Moins de 3 500 habitants
Chérancé,363.0,Moins de 3 500 habitants
Congé-sur-Orne,347.0,Moins de 3 500 habitants
Coulans-sur-Gée,1731.0,Moins de 3 500 habitants
Courcebœufs,645.0,Moins de 3 500 habitants
Courcemont,694.0,Moins de 3 500 habitants
Crosmières,1065.0,Moins de 3 500 habitants
Cures,500.0,Moins de 3 500 habitants
Étival-lès-le-Mans,1975.0,Moins de 3 500 habitants
Fay,681.0,Moins de 3 500 habitants
Gréez-sur-Roc,336.0,Moins de 3 500 habitants
Loir en Vallée,2348.0,Moins de 3 500 habitants
Longnes,335.0,Moins de 3 500 habitants
Loué,2175.0,Moins de 3 500 habitants
Maisoncelles,194.0,Moins de 3 500 habitants
Moncé-en-Belin,3720.0,Entre 3 500 et 5 000 habitants
Montbizot,1830.0,Moins de 3 500 habitants
Montval-sur-Loir,6373.0,Plus de 5 000 habitants
Moulins-le-Carbonnel,709.0,Moins de 3 500 habitants
Mulsanne,5301.0,Plus de 5 000 habitants
Nogent-sur-Loir,383.0,Moins de 3 500 habitants
Nuillé-le-Jalais,548.0,Moins de 3 500 habitants
Pezé-le-Robert,381.0,Moins de 3 500 habitants
Prévelles,220.0,Moins de 3 500 habitants
Pruillé-l'Éguillé,848.0,Moins de 3 500 habitants
Saint-Vincent-des-Prés,516.0,Moins de 3 500 habitants
Sceaux-sur-Huisne,581.0,Moins de 3 500 habitants
Vancé,330.0,Moins de 3 500 habitants
Vivoin,970.0,Moins de 3 500 habitants
Antigny,1079.0,Moins de 3 500 habitants
Bouin,2191.0,Moins de 3 500 habitants
Champagné-les-Marais,1788.0,Moins de 3 500 habitants
Dompierre-sur-Yon,4323.0,Entre 3 500 et 5 000 habitants
La Faute-sur-Mer,669.0,Moins de 3 500 habitants
Fontenay-le-Comte,13906.0,Plus de 5 000 habitants
Fougeré,1224.0,Moins de 3 500 habitants
Froidfond,1897.0,Moins de 3 500 habitants
Jard-sur-Mer,2683.0,Moins de 3 500 habitants
Maillezais,963.0,Moins de 3 500 habitants
La Meilleraie-Tillay,1558.0,Moins de 3 500 habitants
Mervent,1070.0,Moins de 3 500 habitants
Moutiers-sur-le-Lay,765.0,Moins de 3 500 habitants
Notre-Dame-de-Riez,2144.0,Moins de 3 500 habitants
L' Orbrie,815.0,Moins de 3 500 habitants
Le Perrier,2055.0,Moins de 3 500 habitants
Saint-Étienne-de-Brillouet,623.0,Moins de 3 500 habitants
Saint-Fulgent,3923.0,Entre 3 500 et 5 000 habitants
Saint-Julien-des-Landes,1793.0,Moins de 3 500 habitants
Saint-Martin-de-Fraigneau,879.0,Moins de 3 500 habitants
Saint-Mesmin,1792.0,Moins de 3 500 habitants
Saint-Pierre-le-Vieux,984.0,Moins de 3 500 habitants
Sainte-Cécile,1727.0,Moins de 3 500 habitants
La Tardière,1338.0,Moins de 3 500 habitants
Thiré,582.0,Moins de 3 500 habitants
Triaize,1025.0,Moins de 3 500 habitants
